run,detectors,approximant,sampler,phase,rho_max,samples,ln_z_rb,ln_z_rb_err,correction,correction_err,vacuum_run,ln_b_exact,ln_b_err
gw190728_env,H1+L1,IMRPhenomXPHM,dynesty,marginalised,2e+08,5708,-58696.2,0.173979,-0.252975,0.00537537,gw190728_vacuum,-0.963807,0.232339
gw190728_env_fixfid,H1+L1,IMRPhenomXPHM,dynesty,marginalised,2e+08,5469,-58696.5,0.173546,0.0166687,0.00563239,gw190728_vacuum,-1.04442,0.232021
gw190728_env_fixfid_sr_eq9_taud1e6_rho2e8,H1+L1,IMRPhenomXPHM,dynesty,marginalised,2e+08,5550,-58694.8,0.167509,0.0166704,0.00647113,gw190728_vacuum,0.719639,0.227563
gw190728_env_hlv,H1+L1+V1,IMRPhenomXPHM,dynesty,marginalised,2e+08,6025,-111323,0.187653,-0.316032,0.00662173,gw190728_vacuum_hlv,0.0346824,0.250518
gw190728_env_hlv_gwtc21psd,H1+L1+V1,IMRPhenomXPHM,dynesty,marginalised,2e+08,5537,-31203.5,0.1801,-0.232309,0.00578143,gw190728_vacuum_hlv_gwtc21psd,1.11625,0.241709
gw190728_env_hlv_gwtc21psd_phase_sampled,H1+L1+V1,IMRPhenomXPHM,dynesty,sampled,2e+08,5433,-31202.3,0.172823,-0.291477,0.00700135,gw190728_vacuum_hlv_gwtc21psd_phase_sampled,0.748814,0.244487
gw190728_env_hlv_gwtc21psd_phase_sampled_sr_eq9_taud1e6_rho2e8,H1+L1+V1,IMRPhenomXPHM,dynesty,sampled,2e+08,5736,-31200.8,0.177905,-0.044208,0.00679658,gw190728_vacuum_hlv_gwtc21psd_phase_sampled,2.46879,0.2481
gw190728_env_hlv_gwtc21psd_sr_eq9_taud1e6_rho2e8,H1+L1+V1,IMRPhenomXPHM,dynesty,marginalised,2e+08,5358,-31201.9,0.173577,-0.0483191,0.00592049,gw190728_vacuum_hlv_gwtc21psd,2.85633,0.236892
gw190728_env_imrphenompv2,H1+L1,IMRPhenomPv2,dynesty,marginalised,2e+08,5248,-58696.6,0.177079,-0.00484252,0.000695961,gw190728_vacuum_imrphenompv2,-1.72413,0.241624
gw190728_env_imrphenomxp,H1+L1,IMRPhenomXP,dynesty,marginalised,2e+08,5232,-58696.7,0.17311,-0.00587091,0.000778135,gw190728_vacuum_imrphenomxp,-2.07213,0.236033
gw190728_env_log_alpha,H1+L1,IMRPhenomXPHM,dynesty,marginalised,2e+08,5509,-58695.7,0.169197,-0.0318314,0.00695421,gw190728_vacuum,-0.262307,0.228822
gw190728_env_nessai,H1+L1,IMRPhenomXPHM,nessai,marginalised,2e+08,5527,-58697,0.147179,-0.257481,0.00682295,gw190728_vacuum_nessai,-1.50735,0.200103
gw190728_env_only_H1,H1,IMRPhenomXPHM,dynesty,marginalised,2e+08,6703,-29455.6,0.13557,-0.214144,0.00993111,gw190728_vacuum_only_H1,-2.05317,0.191912
gw190728_env_only_L1,L1,IMRPhenomXPHM,dynesty,marginalised,2e+08,5373,-29255.3,0.158166,-0.0570762,0.00443113,gw190728_vacuum_only_L1,-2.65568,0.21597
gw190728_env_phase_sampled,H1+L1,IMRPhenomXPHM,dynesty,sampled,2e+08,5609,-58694.1,0.177398,-1.18329,0.0110698,gw190728_vacuum_phase_sampled,-1.70435,0.247119
gw190728_env_psd16s,H1+L1,IMRPhenomXPHM,dynesty,marginalised,2e+08,5608,-377488,0.179197,-0.122105,0.00718672,gw190728_vacuum_psd16s,-1.65864,0.235408
gw190728_env_psd8s,H1+L1,IMRPhenomXPHM,dynesty,marginalised,2e+08,5496,-160785,0.177883,-0.083236,0.00637489,gw190728_vacuum_psd8s,-1.31991,0.241762
gw190728_env_pymultinest,H1+L1,IMRPhenomXPHM,pymultinest,marginalised,2e+08,6792,-58694.2,0.139194,-0.264032,0.0053394,gw190728_vacuum_pymultinest,-1.32253,0.188423
gw190728_env_rho_max1e6,H1+L1,IMRPhenomXPHM,dynesty,marginalised,1e+06,6060,-58694.4,0.168386,-0.0756723,0.00583799,gw190728_vacuum,1.03672,0.228192
gw190728_env_rho_max1e7,H1+L1,IMRPhenomXPHM,dynesty,marginalised,1e+07,5675,-58694.8,0.16529,-0.0202317,0.00553173,gw190728_vacuum,0.706717,0.22591
gw190728_env_rho_max1e8,H1+L1,IMRPhenomXPHM,dynesty,marginalised,1e+08,5526,-58695.9,0.173089,-0.145496,0.00532907,gw190728_vacuum,-0.57195,0.231672
gw190728_env_rho_max2e8,H1+L1,IMRPhenomXPHM,dynesty,marginalised,2e+08,5361,-58696.7,0.175066,0.00511824,0.00463436,gw190728_vacuum,-1.19343,0.233138
gw190728_env_seed1,H1+L1,IMRPhenomXPHM,dynesty,marginalised,2e+08,5612,-58696.6,0.172114,-0.020798,0.00579834,gw190728_vacuum,-1.14765,0.230956
gw190728_env_seed2,H1+L1,IMRPhenomXPHM,dynesty,marginalised,2e+08,5450,-58696.6,0.175617,-0.00994447,0.00582635,gw190728_vacuum,-1.1597,0.233579
gw190728_env_sr_eq9_taud1e5,H1+L1,IMRPhenomXPHM,dynesty,marginalised,1e+07,5399,-58693.6,0.160643,-0.0648193,0.00566873,gw190728_vacuum,1.77868,0.222536
gw190728_env_sr_eq9_taud1e5_rho2e8,H1+L1,IMRPhenomXPHM,dynesty,marginalised,2e+08,5716,-58695,0.167416,-0.0552815,0.0058992,gw190728_vacuum,0.394917,0.227479
gw190728_env_sr_eq9_taud1e6,H1+L1,IMRPhenomXPHM,dynesty,marginalised,1e+07,5757,-58694.1,0.152479,-0.0713396,0.00644768,gw190728_vacuum,1.34244,0.216737
gw190728_env_sr_eq9_taud1e6_rho2e8,H1+L1,IMRPhenomXPHM,dynesty,marginalised,2e+08,5573,-58695.3,0.166142,-0.0934534,0.00631783,gw190728_vacuum,0.121967,0.226554
gw190728_env_sr_eq9_taud1e6_rho2e8_accwalk60,H1+L1,IMRPhenomXPHM,dynesty,marginalised,2e+08,5773,-58695.6,0.168864,-0.038859,0.00549784,gw190728_vacuum,-0.110963,0.228537
gw190728_env_sr_eq9_taud1e6_rho2e8_nessai,H1+L1,IMRPhenomXPHM,nessai,marginalised,2e+08,5837,-58695.6,0.141262,-0.0460304,0.00626533,gw190728_vacuum_nessai,0.0652998,0.195773
gw190728_env_sr_eq9_taud1e6_rho2p2e7,H1+L1,IMRPhenomXPHM,dynesty,marginalised,2.2e+07,5729,-58694,0.162502,-0.0347562,0.00614355,gw190728_vacuum,1.40364,0.223894
gw190728_env_sr_eq9_taud1e6_rho3e6,H1+L1,IMRPhenomXPHM,dynesty,marginalised,3e+06,5534,-58694.6,0.159103,-0.201845,0.00622625,gw190728_vacuum,0.671742,0.221441
gw190728_env_sr_eq9_taud1e7,H1+L1,IMRPhenomXPHM,dynesty,marginalised,1e+07,6172,-58694.1,0.161151,-0.286531,0.00679582,gw190728_vacuum,1.0541,0.222934
gw190728_env_sr_eq9_taud1e7_rho2e8,H1+L1,IMRPhenomXPHM,dynesty,marginalised,2e+08,5614,-58694.3,0.161608,-0.242475,0.00630777,gw190728_vacuum,0.929868,0.22325
gw190728_env_sr_eq9_taud1e8,H1+L1,IMRPhenomXPHM,dynesty,marginalised,1e+07,5484,-58694,0.160031,-0.287011,0.00573837,gw190728_vacuum,1.21406,0.222096
gw190728_env_sr_eq9_taud1e8_rho2e8,H1+L1,IMRPhenomXPHM,dynesty,marginalised,2e+08,5799,-58694,0.158976,-0.0602104,0.00497754,gw190728_vacuum,1.39185,0.221318
gw190728_env_sr_eq9_taud1e8_rho2p7e7,H1+L1,IMRPhenomXPHM,dynesty,marginalised,2.7e+07,5521,-58693.1,0.16496,-0.158175,0.00664424,gw190728_vacuum,2.21277,0.225698
gw190728_vacuum,H1+L1,IMRPhenomXPHM,dynesty,marginalised,,5027,-58695.2,0.153784,-0.063151,0.00585065,,,
gw190728_vacuum_hlv,H1+L1+V1,IMRPhenomXPHM,dynesty,marginalised,,5552,-111323,0.165747,-0.0377915,0.0054231,,,
gw190728_vacuum_hlv_gwtc21psd,H1+L1+V1,IMRPhenomXPHM,dynesty,marginalised,,5643,-31204.6,0.160979,-0.0617437,0.00628419,,,
gw190728_vacuum_hlv_gwtc21psd_phase_sampled,H1+L1+V1,IMRPhenomXPHM,dynesty,sampled,,5823,-31202.9,0.17246,-0.224622,0.0107066,,,
gw190728_vacuum_imrphenompv2,H1+L1,IMRPhenomPv2,dynesty,marginalised,,4760,-58694.7,0.164392,-0.000348948,2.70822e-05,,,
gw190728_vacuum_imrphenomxp,H1+L1,IMRPhenomXP,dynesty,marginalised,,4991,-58694.5,0.16045,-0.000508631,3.83257e-05,,,
gw190728_vacuum_nessai,H1+L1,IMRPhenomXPHM,nessai,marginalised,,5108,-58695.5,0.135331,0.00185453,0.00428329,,,
gw190728_vacuum_only_H1,H1,IMRPhenomXPHM,dynesty,marginalised,,5871,-29453.2,0.13528,-0.367984,0.00718986,,,
gw190728_vacuum_only_L1,L1,IMRPhenomXPHM,dynesty,marginalised,,4797,-29252.5,0.14693,-0.0504633,0.00429581,,,
gw190728_vacuum_phase_sampled,H1+L1,IMRPhenomXPHM,dynesty,sampled,,5260,-58692.7,0.170832,-0.606448,0.0170893,,,
gw190728_vacuum_psd16s,H1+L1,IMRPhenomXPHM,dynesty,marginalised,,4751,-377487,0.152442,-0.0254028,0.00388746,,,
gw190728_vacuum_psd8s,H1+L1,IMRPhenomXPHM,dynesty,marginalised,,4691,-160783,0.163553,-0.0304109,0.00403972,,,
gw190728_vacuum_pymultinest,H1+L1,IMRPhenomXPHM,pymultinest,marginalised,,6085,-58692.9,0.126817,-0.0275197,0.00413339,,,
